DateKey,Date,Year,Quarter,Month,MonthName,MonthShortName,YearMonth,Week,Season
20250101,2025-01-01,2025,Q1,1,January,Jan,2025-01,W01,Winter
20250102,2025-01-02,2025,Q1,1,January,Jan,2025-01,W01,Winter
20250103,2025-01-03,2025,Q1,1,January,Jan,2025-01,W01,Winter
20250104,2025-01-04,2025,Q1,1,January,Jan,2025-01,W01,Winter
20250105,2025-01-05,2025,Q1,1,January,Jan,2025-01,W01,Winter
20250106,2025-01-06,2025,Q1,1,January,Jan,2025-01,W02,Winter
20250107,2025-01-07,2025,Q1,1,January,Jan,2025-01,W02,Winter
20250108,2025-01-08,2025,Q1,1,January,Jan,2025-01,W02,Winter
20250109,2025-01-09,2025,Q1,1,January,Jan,2025-01,W02,Winter
20250110,2025-01-10,2025,Q1,1,January,Jan,2025-01,W02,Winter
20250111,2025-01-11,2025,Q1,1,January,Jan,2025-01,W02,Winter
20250112,2025-01-12,2025,Q1,1,January,Jan,2025-01,W02,Winter
20250113,2025-01-13,2025,Q1,1,January,Jan,2025-01,W03,Winter
20250114,2025-01-14,2025,Q1,1,January,Jan,2025-01,W03,Winter
20250115,2025-01-15,2025,Q1,1,January,Jan,2025-01,W03,Winter
20250116,2025-01-16,2025,Q1,1,January,Jan,2025-01,W03,Winter
20250117,2025-01-17,2025,Q1,1,January,Jan,2025-01,W03,Winter
20250118,2025-01-18,2025,Q1,1,January,Jan,2025-01,W03,Winter
20250119,2025-01-19,2025,Q1,1,January,Jan,2025-01,W03,Winter
20250120,2025-01-20,2025,Q1,1,January,Jan,2025-01,W04,Winter
20250121,2025-01-21,2025,Q1,1,January,Jan,2025-01,W04,Winter
20250122,2025-01-22,2025,Q1,1,January,Jan,2025-01,W04,Winter
20250123,2025-01-23,2025,Q1,1,January,Jan,2025-01,W04,Winter
20250124,2025-01-24,2025,Q1,1,January,Jan,2025-01,W04,Winter
20250125,2025-01-25,2025,Q1,1,January,Jan,2025-01,W04,Winter
20250126,2025-01-26,2025,Q1,1,January,Jan,2025-01,W04,Winter
20250127,2025-01-27,2025,Q1,1,January,Jan,2025-01,W05,Winter
20250128,2025-01-28,2025,Q1,1,January,Jan,2025-01,W05,Winter
20250129,2025-01-29,2025,Q1,1,January,Jan,2025-01,W05,Winter
20250130,2025-01-30,2025,Q1,1,January,Jan,2025-01,W05,Winter
20250131,2025-01-31,2025,Q1,1,January,Jan,2025-01,W05,Winter
20250201,2025-02-01,2025,Q1,2,February,Feb,2025-02,W05,Winter
20250202,2025-02-02,2025,Q1,2,February,Feb,2025-02,W05,Winter
20250203,2025-02-03,2025,Q1,2,February,Feb,2025-02,W06,Winter
20250204,2025-02-04,2025,Q1,2,February,Feb,2025-02,W06,Winter
20250205,2025-02-05,2025,Q1,2,February,Feb,2025-02,W06,Winter
20250206,2025-02-06,2025,Q1,2,February,Feb,2025-02,W06,Winter
20250207,2025-02-07,2025,Q1,2,February,Feb,2025-02,W06,Winter
20250208,2025-02-08,2025,Q1,2,February,Feb,2025-02,W06,Winter
20250209,2025-02-09,2025,Q1,2,February,Feb,2025-02,W06,Winter
20250210,2025-02-10,2025,Q1,2,February,Feb,2025-02,W07,Winter
20250211,2025-02-11,2025,Q1,2,February,Feb,2025-02,W07,Winter
20250212,2025-02-12,2025,Q1,2,February,Feb,2025-02,W07,Winter
20250213,2025-02-13,2025,Q1,2,February,Feb,2025-02,W07,Winter
20250214,2025-02-14,2025,Q1,2,February,Feb,2025-02,W07,Winter
20250215,2025-02-15,2025,Q1,2,February,Feb,2025-02,W07,Winter
20250216,2025-02-16,2025,Q1,2,February,Feb,2025-02,W07,Winter
20250217,2025-02-17,2025,Q1,2,February,Feb,2025-02,W08,Winter
20250218,2025-02-18,2025,Q1,2,February,Feb,2025-02,W08,Winter
20250219,2025-02-19,2025,Q1,2,February,Feb,2025-02,W08,Winter
20250220,2025-02-20,2025,Q1,2,February,Feb,2025-02,W08,Winter
20250221,2025-02-21,2025,Q1,2,February,Feb,2025-02,W08,Winter
20250222,2025-02-22,2025,Q1,2,February,Feb,2025-02,W08,Winter
20250223,2025-02-23,2025,Q1,2,February,Feb,2025-02,W08,Winter
20250224,2025-02-24,2025,Q1,2,February,Feb,2025-02,W09,Winter
20250225,2025-02-25,2025,Q1,2,February,Feb,2025-02,W09,Winter
20250226,2025-02-26,2025,Q1,2,February,Feb,2025-02,W09,Winter
20250227,2025-02-27,2025,Q1,2,February,Feb,2025-02,W09,Winter
20250228,2025-02-28,2025,Q1,2,February,Feb,2025-02,W09,Winter
20250301,2025-03-01,2025,Q1,3,March,Mar,2025-03,W09,Spring
20250302,2025-03-02,2025,Q1,3,March,Mar,2025-03,W09,Spring
20250303,2025-03-03,2025,Q1,3,March,Mar,2025-03,W10,Spring
20250304,2025-03-04,2025,Q1,3,March,Mar,2025-03,W10,Spring
20250305,2025-03-05,2025,Q1,3,March,Mar,2025-03,W10,Spring
20250306,2025-03-06,2025,Q1,3,March,Mar,2025-03,W10,Spring
20250307,2025-03-07,2025,Q1,3,March,Mar,2025-03,W10,Spring
20250308,2025-03-08,2025,Q1,3,March,Mar,2025-03,W10,Spring
20250309,2025-03-09,2025,Q1,3,March,Mar,2025-03,W10,Spring
20250310,2025-03-10,2025,Q1,3,March,Mar,2025-03,W11,Spring
20250311,2025-03-11,2025,Q1,3,March,Mar,2025-03,W11,Spring
20250312,2025-03-12,2025,Q1,3,March,Mar,2025-03,W11,Spring
20250313,2025-03-13,2025,Q1,3,March,Mar,2025-03,W11,Spring
20250314,2025-03-14,2025,Q1,3,March,Mar,2025-03,W11,Spring
20250315,2025-03-15,2025,Q1,3,March,Mar,2025-03,W11,Spring
20250316,2025-03-16,2025,Q1,3,March,Mar,2025-03,W11,Spring
20250317,2025-03-17,2025,Q1,3,March,Mar,2025-03,W12,Spring
20250318,2025-03-18,2025,Q1,3,March,Mar,2025-03,W12,Spring
20250319,2025-03-19,2025,Q1,3,March,Mar,2025-03,W12,Spring
20250320,2025-03-20,2025,Q1,3,March,Mar,2025-03,W12,Spring
20250321,2025-03-21,2025,Q1,3,March,Mar,2025-03,W12,Spring
20250322,2025-03-22,2025,Q1,3,March,Mar,2025-03,W12,Spring
20250323,2025-03-23,2025,Q1,3,March,Mar,2025-03,W12,Spring
20250324,2025-03-24,2025,Q1,3,March,Mar,2025-03,W13,Spring
20250325,2025-03-25,2025,Q1,3,March,Mar,2025-03,W13,Spring
20250326,2025-03-26,2025,Q1,3,March,Mar,2025-03,W13,Spring
20250327,2025-03-27,2025,Q1,3,March,Mar,2025-03,W13,Spring
20250328,2025-03-28,2025,Q1,3,March,Mar,2025-03,W13,Spring
20250329,2025-03-29,2025,Q1,3,March,Mar,2025-03,W13,Spring
20250330,2025-03-30,2025,Q1,3,March,Mar,2025-03,W13,Spring
20250331,2025-03-31,2025,Q1,3,March,Mar,2025-03,W14,Spring
20250401,2025-04-01,2025,Q2,4,April,Apr,2025-04,W14,Spring
20250402,2025-04-02,2025,Q2,4,April,Apr,2025-04,W14,Spring
20250403,2025-04-03,2025,Q2,4,April,Apr,2025-04,W14,Spring
20250404,2025-04-04,2025,Q2,4,April,Apr,2025-04,W14,Spring
20250405,2025-04-05,2025,Q2,4,April,Apr,2025-04,W14,Spring
20250406,2025-04-06,2025,Q2,4,April,Apr,2025-04,W14,Spring
20250407,2025-04-07,2025,Q2,4,April,Apr,2025-04,W15,Spring
20250408,2025-04-08,2025,Q2,4,April,Apr,2025-04,W15,Spring
20250409,2025-04-09,2025,Q2,4,April,Apr,2025-04,W15,Spring
20250410,2025-04-10,2025,Q2,4,April,Apr,2025-04,W15,Spring
20250411,2025-04-11,2025,Q2,4,April,Apr,2025-04,W15,Spring
20250412,2025-04-12,2025,Q2,4,April,Apr,2025-04,W15,Spring
20250413,2025-04-13,2025,Q2,4,April,Apr,2025-04,W15,Spring
20250414,2025-04-14,2025,Q2,4,April,Apr,2025-04,W16,Spring
20250415,2025-04-15,2025,Q2,4,April,Apr,2025-04,W16,Spring
20250416,2025-04-16,2025,Q2,4,April,Apr,2025-04,W16,Spring
20250417,2025-04-17,2025,Q2,4,April,Apr,2025-04,W16,Spring
20250418,2025-04-18,2025,Q2,4,April,Apr,2025-04,W16,Spring
20250419,2025-04-19,2025,Q2,4,April,Apr,2025-04,W16,Spring
20250420,2025-04-20,2025,Q2,4,April,Apr,2025-04,W16,Spring
20250421,2025-04-21,2025,Q2,4,April,Apr,2025-04,W17,Spring
20250422,2025-04-22,2025,Q2,4,April,Apr,2025-04,W17,Spring
20250423,2025-04-23,2025,Q2,4,April,Apr,2025-04,W17,Spring
20250424,2025-04-24,2025,Q2,4,April,Apr,2025-04,W17,Spring
20250425,2025-04-25,2025,Q2,4,April,Apr,2025-04,W17,Spring
20250426,2025-04-26,2025,Q2,4,April,Apr,2025-04,W17,Spring
20250427,2025-04-27,2025,Q2,4,April,Apr,2025-04,W17,Spring
20250428,2025-04-28,2025,Q2,4,April,Apr,2025-04,W18,Spring
20250429,2025-04-29,2025,Q2,4,April,Apr,2025-04,W18,Spring
20250430,2025-04-30,2025,Q2,4,April,Apr,2025-04,W18,Spring
20250501,2025-05-01,2025,Q2,5,May,May,2025-05,W18,Spring
20250502,2025-05-02,2025,Q2,5,May,May,2025-05,W18,Spring
20250503,2025-05-03,2025,Q2,5,May,May,2025-05,W18,Spring
20250504,2025-05-04,2025,Q2,5,May,May,2025-05,W18,Spring
20250505,2025-05-05,2025,Q2,5,May,May,2025-05,W19,Spring
20250506,2025-05-06,2025,Q2,5,May,May,2025-05,W19,Spring
20250507,2025-05-07,2025,Q2,5,May,May,2025-05,W19,Spring
20250508,2025-05-08,2025,Q2,5,May,May,2025-05,W19,Spring
20250509,2025-05-09,2025,Q2,5,May,May,2025-05,W19,Spring
20250510,2025-05-10,2025,Q2,5,May,May,2025-05,W19,Spring
20250511,2025-05-11,2025,Q2,5,May,May,2025-05,W19,Spring
20250512,2025-05-12,2025,Q2,5,May,May,2025-05,W20,Spring
20250513,2025-05-13,2025,Q2,5,May,May,2025-05,W20,Spring
20250514,2025-05-14,2025,Q2,5,May,May,2025-05,W20,Spring
20250515,2025-05-15,2025,Q2,5,May,May,2025-05,W20,Spring
20250516,2025-05-16,2025,Q2,5,May,May,2025-05,W20,Spring
20250517,2025-05-17,2025,Q2,5,May,May,2025-05,W20,Spring
20250518,2025-05-18,2025,Q2,5,May,May,2025-05,W20,Spring
20250519,2025-05-19,2025,Q2,5,May,May,2025-05,W21,Spring
20250520,2025-05-20,2025,Q2,5,May,May,2025-05,W21,Spring
20250521,2025-05-21,2025,Q2,5,May,May,2025-05,W21,Spring
20250522,2025-05-22,2025,Q2,5,May,May,2025-05,W21,Spring
20250523,2025-05-23,2025,Q2,5,May,May,2025-05,W21,Spring
20250524,2025-05-24,2025,Q2,5,May,May,2025-05,W21,Spring
20250525,2025-05-25,2025,Q2,5,May,May,2025-05,W21,Spring
20250526,2025-05-26,2025,Q2,5,May,May,2025-05,W22,Spring
20250527,2025-05-27,2025,Q2,5,May,May,2025-05,W22,Spring
20250528,2025-05-28,2025,Q2,5,May,May,2025-05,W22,Spring
20250529,2025-05-29,2025,Q2,5,May,May,2025-05,W22,Spring
20250530,2025-05-30,2025,Q2,5,May,May,2025-05,W22,Spring
20250531,2025-05-31,2025,Q2,5,May,May,2025-05,W22,Spring
20250601,2025-06-01,2025,Q2,6,June,Jun,2025-06,W22,Summer
20250602,2025-06-02,2025,Q2,6,June,Jun,2025-06,W23,Summer
20250603,2025-06-03,2025,Q2,6,June,Jun,2025-06,W23,Summer
20250604,2025-06-04,2025,Q2,6,June,Jun,2025-06,W23,Summer
20250605,2025-06-05,2025,Q2,6,June,Jun,2025-06,W23,Summer
20250606,2025-06-06,2025,Q2,6,June,Jun,2025-06,W23,Summer
20250607,2025-06-07,2025,Q2,6,June,Jun,2025-06,W23,Summer
20250608,2025-06-08,2025,Q2,6,June,Jun,2025-06,W23,Summer
20250609,2025-06-09,2025,Q2,6,June,Jun,2025-06,W24,Summer
20250610,2025-06-10,2025,Q2,6,June,Jun,2025-06,W24,Summer
20250611,2025-06-11,2025,Q2,6,June,Jun,2025-06,W24,Summer
20250612,2025-06-12,2025,Q2,6,June,Jun,2025-06,W24,Summer
20250613,2025-06-13,2025,Q2,6,June,Jun,2025-06,W24,Summer
20250614,2025-06-14,2025,Q2,6,June,Jun,2025-06,W24,Summer
20250615,2025-06-15,2025,Q2,6,June,Jun,2025-06,W24,Summer
20250616,2025-06-16,2025,Q2,6,June,Jun,2025-06,W25,Summer
20250617,2025-06-17,2025,Q2,6,June,Jun,2025-06,W25,Summer
20250618,2025-06-18,2025,Q2,6,June,Jun,2025-06,W25,Summer
20250619,2025-06-19,2025,Q2,6,June,Jun,2025-06,W25,Summer
20250620,2025-06-20,2025,Q2,6,June,Jun,2025-06,W25,Summer
20250621,2025-06-21,2025,Q2,6,June,Jun,2025-06,W25,Summer
20250622,2025-06-22,2025,Q2,6,June,Jun,2025-06,W25,Summer
20250623,2025-06-23,2025,Q2,6,June,Jun,2025-06,W26,Summer
20250624,2025-06-24,2025,Q2,6,June,Jun,2025-06,W26,Summer
20250625,2025-06-25,2025,Q2,6,June,Jun,2025-06,W26,Summer
20250626,2025-06-26,2025,Q2,6,June,Jun,2025-06,W26,Summer
20250627,2025-06-27,2025,Q2,6,June,Jun,2025-06,W26,Summer
20250628,2025-06-28,2025,Q2,6,June,Jun,2025-06,W26,Summer
20250629,2025-06-29,2025,Q2,6,June,Jun,2025-06,W26,Summer
20250630,2025-06-30,2025,Q2,6,June,Jun,2025-06,W27,Summer
20250701,2025-07-01,2025,Q3,7,July,Jul,2025-07,W27,Summer
20250702,2025-07-02,2025,Q3,7,July,Jul,2025-07,W27,Summer
20250703,2025-07-03,2025,Q3,7,July,Jul,2025-07,W27,Summer
20250704,2025-07-04,2025,Q3,7,July,Jul,2025-07,W27,Summer
20250705,2025-07-05,2025,Q3,7,July,Jul,2025-07,W27,Summer
20250706,2025-07-06,2025,Q3,7,July,Jul,2025-07,W27,Summer
20250707,2025-07-07,2025,Q3,7,July,Jul,2025-07,W28,Summer
20250708,2025-07-08,2025,Q3,7,July,Jul,2025-07,W28,Summer
20250709,2025-07-09,2025,Q3,7,July,Jul,2025-07,W28,Summer
20250710,2025-07-10,2025,Q3,7,July,Jul,2025-07,W28,Summer
20250711,2025-07-11,2025,Q3,7,July,Jul,2025-07,W28,Summer
20250712,2025-07-12,2025,Q3,7,July,Jul,2025-07,W28,Summer
20250713,2025-07-13,2025,Q3,7,July,Jul,2025-07,W28,Summer
20250714,2025-07-14,2025,Q3,7,July,Jul,2025-07,W29,Summer
20250715,2025-07-15,2025,Q3,7,July,Jul,2025-07,W29,Summer
20250716,2025-07-16,2025,Q3,7,July,Jul,2025-07,W29,Summer
20250717,2025-07-17,2025,Q3,7,July,Jul,2025-07,W29,Summer
20250718,2025-07-18,2025,Q3,7,July,Jul,2025-07,W29,Summer
20250719,2025-07-19,2025,Q3,7,July,Jul,2025-07,W29,Summer
20250720,2025-07-20,2025,Q3,7,July,Jul,2025-07,W29,Summer
20250721,2025-07-21,2025,Q3,7,July,Jul,2025-07,W30,Summer
20250722,2025-07-22,2025,Q3,7,July,Jul,2025-07,W30,Summer
20250723,2025-07-23,2025,Q3,7,July,Jul,2025-07,W30,Summer
20250724,2025-07-24,2025,Q3,7,July,Jul,2025-07,W30,Summer
20250725,2025-07-25,2025,Q3,7,July,Jul,2025-07,W30,Summer
20250726,2025-07-26,2025,Q3,7,July,Jul,2025-07,W30,Summer
20250727,2025-07-27,2025,Q3,7,July,Jul,2025-07,W30,Summer
20250728,2025-07-28,2025,Q3,7,July,Jul,2025-07,W31,Summer
20250729,2025-07-29,2025,Q3,7,July,Jul,2025-07,W31,Summer
20250730,2025-07-30,2025,Q3,7,July,Jul,2025-07,W31,Summer
20250731,2025-07-31,2025,Q3,7,July,Jul,2025-07,W31,Summer
20250801,2025-08-01,2025,Q3,8,August,Aug,2025-08,W31,Summer
20250802,2025-08-02,2025,Q3,8,August,Aug,2025-08,W31,Summer
20250803,2025-08-03,2025,Q3,8,August,Aug,2025-08,W31,Summer
20250804,2025-08-04,2025,Q3,8,August,Aug,2025-08,W32,Summer
20250805,2025-08-05,2025,Q3,8,August,Aug,2025-08,W32,Summer
20250806,2025-08-06,2025,Q3,8,August,Aug,2025-08,W32,Summer
20250807,2025-08-07,2025,Q3,8,August,Aug,2025-08,W32,Summer
20250808,2025-08-08,2025,Q3,8,August,Aug,2025-08,W32,Summer
20250809,2025-08-09,2025,Q3,8,August,Aug,2025-08,W32,Summer
20250810,2025-08-10,2025,Q3,8,August,Aug,2025-08,W32,Summer
20250811,2025-08-11,2025,Q3,8,August,Aug,2025-08,W33,Summer
20250812,2025-08-12,2025,Q3,8,August,Aug,2025-08,W33,Summer
20250813,2025-08-13,2025,Q3,8,August,Aug,2025-08,W33,Summer
20250814,2025-08-14,2025,Q3,8,August,Aug,2025-08,W33,Summer
20250815,2025-08-15,2025,Q3,8,August,Aug,2025-08,W33,Summer
20250816,2025-08-16,2025,Q3,8,August,Aug,2025-08,W33,Summer
20250817,2025-08-17,2025,Q3,8,August,Aug,2025-08,W33,Summer
20250818,2025-08-18,2025,Q3,8,August,Aug,2025-08,W34,Summer
20250819,2025-08-19,2025,Q3,8,August,Aug,2025-08,W34,Summer
20250820,2025-08-20,2025,Q3,8,August,Aug,2025-08,W34,Summer
20250821,2025-08-21,2025,Q3,8,August,Aug,2025-08,W34,Summer
20250822,2025-08-22,2025,Q3,8,August,Aug,2025-08,W34,Summer
20250823,2025-08-23,2025,Q3,8,August,Aug,2025-08,W34,Summer
20250824,2025-08-24,2025,Q3,8,August,Aug,2025-08,W34,Summer
20250825,2025-08-25,2025,Q3,8,August,Aug,2025-08,W35,Summer
20250826,2025-08-26,2025,Q3,8,August,Aug,2025-08,W35,Summer
20250827,2025-08-27,2025,Q3,8,August,Aug,2025-08,W35,Summer
20250828,2025-08-28,2025,Q3,8,August,Aug,2025-08,W35,Summer
20250829,2025-08-29,2025,Q3,8,August,Aug,2025-08,W35,Summer
20250830,2025-08-30,2025,Q3,8,August,Aug,2025-08,W35,Summer
20250831,2025-08-31,2025,Q3,8,August,Aug,2025-08,W35,Summer
20250901,2025-09-01,2025,Q3,9,September,Sep,2025-09,W36,Fall
20250902,2025-09-02,2025,Q3,9,September,Sep,2025-09,W36,Fall
20250903,2025-09-03,2025,Q3,9,September,Sep,2025-09,W36,Fall
20250904,2025-09-04,2025,Q3,9,September,Sep,2025-09,W36,Fall
20250905,2025-09-05,2025,Q3,9,September,Sep,2025-09,W36,Fall
20250906,2025-09-06,2025,Q3,9,September,Sep,2025-09,W36,Fall
20250907,2025-09-07,2025,Q3,9,September,Sep,2025-09,W36,Fall
20250908,2025-09-08,2025,Q3,9,September,Sep,2025-09,W37,Fall
20250909,2025-09-09,2025,Q3,9,September,Sep,2025-09,W37,Fall
20250910,2025-09-10,2025,Q3,9,September,Sep,2025-09,W37,Fall
20250911,2025-09-11,2025,Q3,9,September,Sep,2025-09,W37,Fall
20250912,2025-09-12,2025,Q3,9,September,Sep,2025-09,W37,Fall
20250913,2025-09-13,2025,Q3,9,September,Sep,2025-09,W37,Fall
20250914,2025-09-14,2025,Q3,9,September,Sep,2025-09,W37,Fall
20250915,2025-09-15,2025,Q3,9,September,Sep,2025-09,W38,Fall
20250916,2025-09-16,2025,Q3,9,September,Sep,2025-09,W38,Fall
20250917,2025-09-17,2025,Q3,9,September,Sep,2025-09,W38,Fall
20250918,2025-09-18,2025,Q3,9,September,Sep,2025-09,W38,Fall
20250919,2025-09-19,2025,Q3,9,September,Sep,2025-09,W38,Fall
20250920,2025-09-20,2025,Q3,9,September,Sep,2025-09,W38,Fall
20250921,2025-09-21,2025,Q3,9,September,Sep,2025-09,W38,Fall
20250922,2025-09-22,2025,Q3,9,September,Sep,2025-09,W39,Fall
20250923,2025-09-23,2025,Q3,9,September,Sep,2025-09,W39,Fall
20250924,2025-09-24,2025,Q3,9,September,Sep,2025-09,W39,Fall
20250925,2025-09-25,2025,Q3,9,September,Sep,2025-09,W39,Fall
20250926,2025-09-26,2025,Q3,9,September,Sep,2025-09,W39,Fall
20250927,2025-09-27,2025,Q3,9,September,Sep,2025-09,W39,Fall
20250928,2025-09-28,2025,Q3,9,September,Sep,2025-09,W39,Fall
20250929,2025-09-29,2025,Q3,9,September,Sep,2025-09,W40,Fall
20250930,2025-09-30,2025,Q3,9,September,Sep,2025-09,W40,Fall
20251001,2025-10-01,2025,Q4,10,October,Oct,2025-10,W40,Fall
20251002,2025-10-02,2025,Q4,10,October,Oct,2025-10,W40,Fall
20251003,2025-10-03,2025,Q4,10,October,Oct,2025-10,W40,Fall
20251004,2025-10-04,2025,Q4,10,October,Oct,2025-10,W40,Fall
20251005,2025-10-05,2025,Q4,10,October,Oct,2025-10,W40,Fall
20251006,2025-10-06,2025,Q4,10,October,Oct,2025-10,W41,Fall
20251007,2025-10-07,2025,Q4,10,October,Oct,2025-10,W41,Fall
20251008,2025-10-08,2025,Q4,10,October,Oct,2025-10,W41,Fall
20251009,2025-10-09,2025,Q4,10,October,Oct,2025-10,W41,Fall
20251010,2025-10-10,2025,Q4,10,October,Oct,2025-10,W41,Fall
20251011,2025-10-11,2025,Q4,10,October,Oct,2025-10,W41,Fall
20251012,2025-10-12,2025,Q4,10,October,Oct,2025-10,W41,Fall
20251013,2025-10-13,2025,Q4,10,October,Oct,2025-10,W42,Fall
20251014,2025-10-14,2025,Q4,10,October,Oct,2025-10,W42,Fall
20251015,2025-10-15,2025,Q4,10,October,Oct,2025-10,W42,Fall
20251016,2025-10-16,2025,Q4,10,October,Oct,2025-10,W42,Fall
20251017,2025-10-17,2025,Q4,10,October,Oct,2025-10,W42,Fall
20251018,2025-10-18,2025,Q4,10,October,Oct,2025-10,W42,Fall
20251019,2025-10-19,2025,Q4,10,October,Oct,2025-10,W42,Fall
20251020,2025-10-20,2025,Q4,10,October,Oct,2025-10,W43,Fall
20251021,2025-10-21,2025,Q4,10,October,Oct,2025-10,W43,Fall
20251022,2025-10-22,2025,Q4,10,October,Oct,2025-10,W43,Fall
20251023,2025-10-23,2025,Q4,10,October,Oct,2025-10,W43,Fall
20251024,2025-10-24,2025,Q4,10,October,Oct,2025-10,W43,Fall
20251025,2025-10-25,2025,Q4,10,October,Oct,2025-10,W43,Fall
20251026,2025-10-26,2025,Q4,10,October,Oct,2025-10,W43,Fall
20251027,2025-10-27,2025,Q4,10,October,Oct,2025-10,W44,Fall
20251028,2025-10-28,2025,Q4,10,October,Oct,2025-10,W44,Fall
20251029,2025-10-29,2025,Q4,10,October,Oct,2025-10,W44,Fall
20251030,2025-10-30,2025,Q4,10,October,Oct,2025-10,W44,Fall
20251031,2025-10-31,2025,Q4,10,October,Oct,2025-10,W44,Fall
20251101,2025-11-01,2025,Q4,11,November,Nov,2025-11,W44,Fall
20251102,2025-11-02,2025,Q4,11,November,Nov,2025-11,W44,Fall
20251103,2025-11-03,2025,Q4,11,November,Nov,2025-11,W45,Fall
20251104,2025-11-04,2025,Q4,11,November,Nov,2025-11,W45,Fall
20251105,2025-11-05,2025,Q4,11,November,Nov,2025-11,W45,Fall
20251106,2025-11-06,2025,Q4,11,November,Nov,2025-11,W45,Fall
20251107,2025-11-07,2025,Q4,11,November,Nov,2025-11,W45,Fall
20251108,2025-11-08,2025,Q4,11,November,Nov,2025-11,W45,Fall
20251109,2025-11-09,2025,Q4,11,November,Nov,2025-11,W45,Fall
20251110,2025-11-10,2025,Q4,11,November,Nov,2025-11,W46,Fall
20251111,2025-11-11,2025,Q4,11,November,Nov,2025-11,W46,Fall
20251112,2025-11-12,2025,Q4,11,November,Nov,2025-11,W46,Fall
20251113,2025-11-13,2025,Q4,11,November,Nov,2025-11,W46,Fall
20251114,2025-11-14,2025,Q4,11,November,Nov,2025-11,W46,Fall
20251115,2025-11-15,2025,Q4,11,November,Nov,2025-11,W46,Fall
20251116,2025-11-16,2025,Q4,11,November,Nov,2025-11,W46,Fall
20251117,2025-11-17,2025,Q4,11,November,Nov,2025-11,W47,Fall
20251118,2025-11-18,2025,Q4,11,November,Nov,2025-11,W47,Fall
20251119,2025-11-19,2025,Q4,11,November,Nov,2025-11,W47,Fall
20251120,2025-11-20,2025,Q4,11,November,Nov,2025-11,W47,Fall
20251121,2025-11-21,2025,Q4,11,November,Nov,2025-11,W47,Fall
20251122,2025-11-22,2025,Q4,11,November,Nov,2025-11,W47,Fall
20251123,2025-11-23,2025,Q4,11,November,Nov,2025-11,W47,Fall
20251124,2025-11-24,2025,Q4,11,November,Nov,2025-11,W48,Fall
20251125,2025-11-25,2025,Q4,11,November,Nov,2025-11,W48,Fall
20251126,2025-11-26,2025,Q4,11,November,Nov,2025-11,W48,Fall
20251127,2025-11-27,2025,Q4,11,November,Nov,2025-11,W48,Fall
20251128,2025-11-28,2025,Q4,11,November,Nov,2025-11,W48,Fall
20251129,2025-11-29,2025,Q4,11,November,Nov,2025-11,W48,Fall
20251130,2025-11-30,2025,Q4,11,November,Nov,2025-11,W48,Fall
20251201,2025-12-01,2025,Q4,12,December,Dec,2025-12,W49,Winter
20251202,2025-12-02,2025,Q4,12,December,Dec,2025-12,W49,Winter
20251203,2025-12-03,2025,Q4,12,December,Dec,2025-12,W49,Winter
20251204,2025-12-04,2025,Q4,12,December,Dec,2025-12,W49,Winter
20251205,2025-12-05,2025,Q4,12,December,Dec,2025-12,W49,Winter
20251206,2025-12-06,2025,Q4,12,December,Dec,2025-12,W49,Winter
20251207,2025-12-07,2025,Q4,12,December,Dec,2025-12,W49,Winter
20251208,2025-12-08,2025,Q4,12,December,Dec,2025-12,W50,Winter
20251209,2025-12-09,2025,Q4,12,December,Dec,2025-12,W50,Winter
20251210,2025-12-10,2025,Q4,12,December,Dec,2025-12,W50,Winter
20251211,2025-12-11,2025,Q4,12,December,Dec,2025-12,W50,Winter
20251212,2025-12-12,2025,Q4,12,December,Dec,2025-12,W50,Winter
20251213,2025-12-13,2025,Q4,12,December,Dec,2025-12,W50,Winter
20251214,2025-12-14,2025,Q4,12,December,Dec,2025-12,W50,Winter
20251215,2025-12-15,2025,Q4,12,December,Dec,2025-12,W51,Winter
20251216,2025-12-16,2025,Q4,12,December,Dec,2025-12,W51,Winter
20251217,2025-12-17,2025,Q4,12,December,Dec,2025-12,W51,Winter
20251218,2025-12-18,2025,Q4,12,December,Dec,2025-12,W51,Winter
20251219,2025-12-19,2025,Q4,12,December,Dec,2025-12,W51,Winter
20251220,2025-12-20,2025,Q4,12,December,Dec,2025-12,W51,Winter
20251221,2025-12-21,2025,Q4,12,December,Dec,2025-12,W51,Winter
20251222,2025-12-22,2025,Q4,12,December,Dec,2025-12,W52,Winter
20251223,2025-12-23,2025,Q4,12,December,Dec,2025-12,W52,Winter
20251224,2025-12-24,2025,Q4,12,December,Dec,2025-12,W52,Winter
20251225,2025-12-25,2025,Q4,12,December,Dec,2025-12,W52,Winter
20251226,2025-12-26,2025,Q4,12,December,Dec,2025-12,W52,Winter
20251227,2025-12-27,2025,Q4,12,December,Dec,2025-12,W52,Winter
20251228,2025-12-28,2025,Q4,12,December,Dec,2025-12,W52,Winter
20251229,2025-12-29,2025,Q4,12,December,Dec,2025-12,W01,Winter
20251230,2025-12-30,2025,Q4,12,December,Dec,2025-12,W01,Winter
20251231,2025-12-31,2025,Q4,12,December,Dec,2025-12,W01,Winter
20260101,2026-01-01,2026,Q1,1,January,Jan,2026-01,W01,Winter
20260102,2026-01-02,2026,Q1,1,January,Jan,2026-01,W01,Winter
20260103,2026-01-03,2026,Q1,1,January,Jan,2026-01,W01,Winter
20260104,2026-01-04,2026,Q1,1,January,Jan,2026-01,W01,Winter
20260105,2026-01-05,2026,Q1,1,January,Jan,2026-01,W02,Winter
20260106,2026-01-06,2026,Q1,1,January,Jan,2026-01,W02,Winter
20260107,2026-01-07,2026,Q1,1,January,Jan,2026-01,W02,Winter
20260108,2026-01-08,2026,Q1,1,January,Jan,2026-01,W02,Winter
20260109,2026-01-09,2026,Q1,1,January,Jan,2026-01,W02,Winter
20260110,2026-01-10,2026,Q1,1,January,Jan,2026-01,W02,Winter
20260111,2026-01-11,2026,Q1,1,January,Jan,2026-01,W02,Winter
20260112,2026-01-12,2026,Q1,1,January,Jan,2026-01,W03,Winter
20260113,2026-01-13,2026,Q1,1,January,Jan,2026-01,W03,Winter
20260114,2026-01-14,2026,Q1,1,January,Jan,2026-01,W03,Winter
20260115,2026-01-15,2026,Q1,1,January,Jan,2026-01,W03,Winter
20260116,2026-01-16,2026,Q1,1,January,Jan,2026-01,W03,Winter
20260117,2026-01-17,2026,Q1,1,January,Jan,2026-01,W03,Winter
20260118,2026-01-18,2026,Q1,1,January,Jan,2026-01,W03,Winter
20260119,2026-01-19,2026,Q1,1,January,Jan,2026-01,W04,Winter
20260120,2026-01-20,2026,Q1,1,January,Jan,2026-01,W04,Winter
20260121,2026-01-21,2026,Q1,1,January,Jan,2026-01,W04,Winter
20260122,2026-01-22,2026,Q1,1,January,Jan,2026-01,W04,Winter
20260123,2026-01-23,2026,Q1,1,January,Jan,2026-01,W04,Winter
20260124,2026-01-24,2026,Q1,1,January,Jan,2026-01,W04,Winter
20260125,2026-01-25,2026,Q1,1,January,Jan,2026-01,W04,Winter
20260126,2026-01-26,2026,Q1,1,January,Jan,2026-01,W05,Winter
20260127,2026-01-27,2026,Q1,1,January,Jan,2026-01,W05,Winter
20260128,2026-01-28,2026,Q1,1,January,Jan,2026-01,W05,Winter
20260129,2026-01-29,2026,Q1,1,January,Jan,2026-01,W05,Winter
20260130,2026-01-30,2026,Q1,1,January,Jan,2026-01,W05,Winter
20260131,2026-01-31,2026,Q1,1,January,Jan,2026-01,W05,Winter
20260201,2026-02-01,2026,Q1,2,February,Feb,2026-02,W05,Winter
20260202,2026-02-02,2026,Q1,2,February,Feb,2026-02,W06,Winter
20260203,2026-02-03,2026,Q1,2,February,Feb,2026-02,W06,Winter
20260204,2026-02-04,2026,Q1,2,February,Feb,2026-02,W06,Winter
20260205,2026-02-05,2026,Q1,2,February,Feb,2026-02,W06,Winter
20260206,2026-02-06,2026,Q1,2,February,Feb,2026-02,W06,Winter
20260207,2026-02-07,2026,Q1,2,February,Feb,2026-02,W06,Winter
20260208,2026-02-08,2026,Q1,2,February,Feb,2026-02,W06,Winter
20260209,2026-02-09,2026,Q1,2,February,Feb,2026-02,W07,Winter
20260210,2026-02-10,2026,Q1,2,February,Feb,2026-02,W07,Winter
20260211,2026-02-11,2026,Q1,2,February,Feb,2026-02,W07,Winter
20260212,2026-02-12,2026,Q1,2,February,Feb,2026-02,W07,Winter
20260213,2026-02-13,2026,Q1,2,February,Feb,2026-02,W07,Winter
20260214,2026-02-14,2026,Q1,2,February,Feb,2026-02,W07,Winter
20260215,2026-02-15,2026,Q1,2,February,Feb,2026-02,W07,Winter
20260216,2026-02-16,2026,Q1,2,February,Feb,2026-02,W08,Winter
20260217,2026-02-17,2026,Q1,2,February,Feb,2026-02,W08,Winter
20260218,2026-02-18,2026,Q1,2,February,Feb,2026-02,W08,Winter
20260219,2026-02-19,2026,Q1,2,February,Feb,2026-02,W08,Winter
20260220,2026-02-20,2026,Q1,2,February,Feb,2026-02,W08,Winter
20260221,2026-02-21,2026,Q1,2,February,Feb,2026-02,W08,Winter
20260222,2026-02-22,2026,Q1,2,February,Feb,2026-02,W08,Winter
20260223,2026-02-23,2026,Q1,2,February,Feb,2026-02,W09,Winter
20260224,2026-02-24,2026,Q1,2,February,Feb,2026-02,W09,Winter
20260225,2026-02-25,2026,Q1,2,February,Feb,2026-02,W09,Winter
20260226,2026-02-26,2026,Q1,2,February,Feb,2026-02,W09,Winter
20260227,2026-02-27,2026,Q1,2,February,Feb,2026-02,W09,Winter
20260228,2026-02-28,2026,Q1,2,February,Feb,2026-02,W09,Winter
20260301,2026-03-01,2026,Q1,3,March,Mar,2026-03,W09,Spring
20260302,2026-03-02,2026,Q1,3,March,Mar,2026-03,W10,Spring
20260303,2026-03-03,2026,Q1,3,March,Mar,2026-03,W10,Spring
20260304,2026-03-04,2026,Q1,3,March,Mar,2026-03,W10,Spring
20260305,2026-03-05,2026,Q1,3,March,Mar,2026-03,W10,Spring
20260306,2026-03-06,2026,Q1,3,March,Mar,2026-03,W10,Spring
20260307,2026-03-07,2026,Q1,3,March,Mar,2026-03,W10,Spring
20260308,2026-03-08,2026,Q1,3,March,Mar,2026-03,W10,Spring
20260309,2026-03-09,2026,Q1,3,March,Mar,2026-03,W11,Spring
20260310,2026-03-10,2026,Q1,3,March,Mar,2026-03,W11,Spring
20260311,2026-03-11,2026,Q1,3,March,Mar,2026-03,W11,Spring
20260312,2026-03-12,2026,Q1,3,March,Mar,2026-03,W11,Spring
20260313,2026-03-13,2026,Q1,3,March,Mar,2026-03,W11,Spring
20260314,2026-03-14,2026,Q1,3,March,Mar,2026-03,W11,Spring
20260315,2026-03-15,2026,Q1,3,March,Mar,2026-03,W11,Spring
20260316,2026-03-16,2026,Q1,3,March,Mar,2026-03,W12,Spring
20260317,2026-03-17,2026,Q1,3,March,Mar,2026-03,W12,Spring
20260318,2026-03-18,2026,Q1,3,March,Mar,2026-03,W12,Spring
20260319,2026-03-19,2026,Q1,3,March,Mar,2026-03,W12,Spring
20260320,2026-03-20,2026,Q1,3,March,Mar,2026-03,W12,Spring
20260321,2026-03-21,2026,Q1,3,March,Mar,2026-03,W12,Spring
20260322,2026-03-22,2026,Q1,3,March,Mar,2026-03,W12,Spring
20260323,2026-03-23,2026,Q1,3,March,Mar,2026-03,W13,Spring
20260324,2026-03-24,2026,Q1,3,March,Mar,2026-03,W13,Spring
20260325,2026-03-25,2026,Q1,3,March,Mar,2026-03,W13,Spring
20260326,2026-03-26,2026,Q1,3,March,Mar,2026-03,W13,Spring
20260327,2026-03-27,2026,Q1,3,March,Mar,2026-03,W13,Spring
20260328,2026-03-28,2026,Q1,3,March,Mar,2026-03,W13,Spring
20260329,2026-03-29,2026,Q1,3,March,Mar,2026-03,W13,Spring
20260330,2026-03-30,2026,Q1,3,March,Mar,2026-03,W14,Spring
20260331,2026-03-31,2026,Q1,3,March,Mar,2026-03,W14,Spring
20260401,2026-04-01,2026,Q2,4,April,Apr,2026-04,W14,Spring
20260402,2026-04-02,2026,Q2,4,April,Apr,2026-04,W14,Spring
20260403,2026-04-03,2026,Q2,4,April,Apr,2026-04,W14,Spring
20260404,2026-04-04,2026,Q2,4,April,Apr,2026-04,W14,Spring
20260405,2026-04-05,2026,Q2,4,April,Apr,2026-04,W14,Spring
20260406,2026-04-06,2026,Q2,4,April,Apr,2026-04,W15,Spring
20260407,2026-04-07,2026,Q2,4,April,Apr,2026-04,W15,Spring
20260408,2026-04-08,2026,Q2,4,April,Apr,2026-04,W15,Spring
20260409,2026-04-09,2026,Q2,4,April,Apr,2026-04,W15,Spring
20260410,2026-04-10,2026,Q2,4,April,Apr,2026-04,W15,Spring
20260411,2026-04-11,2026,Q2,4,April,Apr,2026-04,W15,Spring
20260412,2026-04-12,2026,Q2,4,April,Apr,2026-04,W15,Spring
20260413,2026-04-13,2026,Q2,4,April,Apr,2026-04,W16,Spring
20260414,2026-04-14,2026,Q2,4,April,Apr,2026-04,W16,Spring
20260415,2026-04-15,2026,Q2,4,April,Apr,2026-04,W16,Spring
20260416,2026-04-16,2026,Q2,4,April,Apr,2026-04,W16,Spring
20260417,2026-04-17,2026,Q2,4,April,Apr,2026-04,W16,Spring
20260418,2026-04-18,2026,Q2,4,April,Apr,2026-04,W16,Spring
20260419,2026-04-19,2026,Q2,4,April,Apr,2026-04,W16,Spring
20260420,2026-04-20,2026,Q2,4,April,Apr,2026-04,W17,Spring
20260421,2026-04-21,2026,Q2,4,April,Apr,2026-04,W17,Spring
20260422,2026-04-22,2026,Q2,4,April,Apr,2026-04,W17,Spring
20260423,2026-04-23,2026,Q2,4,April,Apr,2026-04,W17,Spring
20260424,2026-04-24,2026,Q2,4,April,Apr,2026-04,W17,Spring
20260425,2026-04-25,2026,Q2,4,April,Apr,2026-04,W17,Spring
20260426,2026-04-26,2026,Q2,4,April,Apr,2026-04,W17,Spring
20260427,2026-04-27,2026,Q2,4,April,Apr,2026-04,W18,Spring
20260428,2026-04-28,2026,Q2,4,April,Apr,2026-04,W18,Spring
20260429,2026-04-29,2026,Q2,4,April,Apr,2026-04,W18,Spring
20260430,2026-04-30,2026,Q2,4,April,Apr,2026-04,W18,Spring
20260501,2026-05-01,2026,Q2,5,May,May,2026-05,W18,Spring
20260502,2026-05-02,2026,Q2,5,May,May,2026-05,W18,Spring
20260503,2026-05-03,2026,Q2,5,May,May,2026-05,W18,Spring
20260504,2026-05-04,2026,Q2,5,May,May,2026-05,W19,Spring
20260505,2026-05-05,2026,Q2,5,May,May,2026-05,W19,Spring
20260506,2026-05-06,2026,Q2,5,May,May,2026-05,W19,Spring
20260507,2026-05-07,2026,Q2,5,May,May,2026-05,W19,Spring
20260508,2026-05-08,2026,Q2,5,May,May,2026-05,W19,Spring
20260509,2026-05-09,2026,Q2,5,May,May,2026-05,W19,Spring
20260510,2026-05-10,2026,Q2,5,May,May,2026-05,W19,Spring
20260511,2026-05-11,2026,Q2,5,May,May,2026-05,W20,Spring
20260512,2026-05-12,2026,Q2,5,May,May,2026-05,W20,Spring
20260513,2026-05-13,2026,Q2,5,May,May,2026-05,W20,Spring
20260514,2026-05-14,2026,Q2,5,May,May,2026-05,W20,Spring
20260515,2026-05-15,2026,Q2,5,May,May,2026-05,W20,Spring
20260516,2026-05-16,2026,Q2,5,May,May,2026-05,W20,Spring
20260517,2026-05-17,2026,Q2,5,May,May,2026-05,W20,Spring
20260518,2026-05-18,2026,Q2,5,May,May,2026-05,W21,Spring
20260519,2026-05-19,2026,Q2,5,May,May,2026-05,W21,Spring
20260520,2026-05-20,2026,Q2,5,May,May,2026-05,W21,Spring
20260521,2026-05-21,2026,Q2,5,May,May,2026-05,W21,Spring
20260522,2026-05-22,2026,Q2,5,May,May,2026-05,W21,Spring
20260523,2026-05-23,2026,Q2,5,May,May,2026-05,W21,Spring
20260524,2026-05-24,2026,Q2,5,May,May,2026-05,W21,Spring
20260525,2026-05-25,2026,Q2,5,May,May,2026-05,W22,Spring
20260526,2026-05-26,2026,Q2,5,May,May,2026-05,W22,Spring
20260527,2026-05-27,2026,Q2,5,May,May,2026-05,W22,Spring
20260528,2026-05-28,2026,Q2,5,May,May,2026-05,W22,Spring
20260529,2026-05-29,2026,Q2,5,May,May,2026-05,W22,Spring
20260530,2026-05-30,2026,Q2,5,May,May,2026-05,W22,Spring
20260531,2026-05-31,2026,Q2,5,May,May,2026-05,W22,Spring
20260601,2026-06-01,2026,Q2,6,June,Jun,2026-06,W23,Summer
20260602,2026-06-02,2026,Q2,6,June,Jun,2026-06,W23,Summer
20260603,2026-06-03,2026,Q2,6,June,Jun,2026-06,W23,Summer
20260604,2026-06-04,2026,Q2,6,June,Jun,2026-06,W23,Summer
20260605,2026-06-05,2026,Q2,6,June,Jun,2026-06,W23,Summer
20260606,2026-06-06,2026,Q2,6,June,Jun,2026-06,W23,Summer
20260607,2026-06-07,2026,Q2,6,June,Jun,2026-06,W23,Summer
20260608,2026-06-08,2026,Q2,6,June,Jun,2026-06,W24,Summer
20260609,2026-06-09,2026,Q2,6,June,Jun,2026-06,W24,Summer
20260610,2026-06-10,2026,Q2,6,June,Jun,2026-06,W24,Summer
20260611,2026-06-11,2026,Q2,6,June,Jun,2026-06,W24,Summer
20260612,2026-06-12,2026,Q2,6,June,Jun,2026-06,W24,Summer
20260613,2026-06-13,2026,Q2,6,June,Jun,2026-06,W24,Summer
20260614,2026-06-14,2026,Q2,6,June,Jun,2026-06,W24,Summer
20260615,2026-06-15,2026,Q2,6,June,Jun,2026-06,W25,Summer
20260616,2026-06-16,2026,Q2,6,June,Jun,2026-06,W25,Summer
20260617,2026-06-17,2026,Q2,6,June,Jun,2026-06,W25,Summer
20260618,2026-06-18,2026,Q2,6,June,Jun,2026-06,W25,Summer
20260619,2026-06-19,2026,Q2,6,June,Jun,2026-06,W25,Summer
20260620,2026-06-20,2026,Q2,6,June,Jun,2026-06,W25,Summer
20260621,2026-06-21,2026,Q2,6,June,Jun,2026-06,W25,Summer
20260622,2026-06-22,2026,Q2,6,June,Jun,2026-06,W26,Summer
20260623,2026-06-23,2026,Q2,6,June,Jun,2026-06,W26,Summer
20260624,2026-06-24,2026,Q2,6,June,Jun,2026-06,W26,Summer
20260625,2026-06-25,2026,Q2,6,June,Jun,2026-06,W26,Summer
20260626,2026-06-26,2026,Q2,6,June,Jun,2026-06,W26,Summer
20260627,2026-06-27,2026,Q2,6,June,Jun,2026-06,W26,Summer
20260628,2026-06-28,2026,Q2,6,June,Jun,2026-06,W26,Summer
20260629,2026-06-29,2026,Q2,6,June,Jun,2026-06,W27,Summer
20260630,2026-06-30,2026,Q2,6,June,Jun,2026-06,W27,Summer
20260701,2026-07-01,2026,Q3,7,July,Jul,2026-07,W27,Summer
20260702,2026-07-02,2026,Q3,7,July,Jul,2026-07,W27,Summer
20260703,2026-07-03,2026,Q3,7,July,Jul,2026-07,W27,Summer
20260704,2026-07-04,2026,Q3,7,July,Jul,2026-07,W27,Summer
20260705,2026-07-05,2026,Q3,7,July,Jul,2026-07,W27,Summer
20260706,2026-07-06,2026,Q3,7,July,Jul,2026-07,W28,Summer
20260707,2026-07-07,2026,Q3,7,July,Jul,2026-07,W28,Summer
20260708,2026-07-08,2026,Q3,7,July,Jul,2026-07,W28,Summer
20260709,2026-07-09,2026,Q3,7,July,Jul,2026-07,W28,Summer
20260710,2026-07-10,2026,Q3,7,July,Jul,2026-07,W28,Summer
20260711,2026-07-11,2026,Q3,7,July,Jul,2026-07,W28,Summer
20260712,2026-07-12,2026,Q3,7,July,Jul,2026-07,W28,Summer
20260713,2026-07-13,2026,Q3,7,July,Jul,2026-07,W29,Summer
20260714,2026-07-14,2026,Q3,7,July,Jul,2026-07,W29,Summer
20260715,2026-07-15,2026,Q3,7,July,Jul,2026-07,W29,Summer
20260716,2026-07-16,2026,Q3,7,July,Jul,2026-07,W29,Summer
20260717,2026-07-17,2026,Q3,7,July,Jul,2026-07,W29,Summer
20260718,2026-07-18,2026,Q3,7,July,Jul,2026-07,W29,Summer
20260719,2026-07-19,2026,Q3,7,July,Jul,2026-07,W29,Summer
20260720,2026-07-20,2026,Q3,7,July,Jul,2026-07,W30,Summer
20260721,2026-07-21,2026,Q3,7,July,Jul,2026-07,W30,Summer
20260722,2026-07-22,2026,Q3,7,July,Jul,2026-07,W30,Summer
20260723,2026-07-23,2026,Q3,7,July,Jul,2026-07,W30,Summer
20260724,2026-07-24,2026,Q3,7,July,Jul,2026-07,W30,Summer
20260725,2026-07-25,2026,Q3,7,July,Jul,2026-07,W30,Summer
20260726,2026-07-26,2026,Q3,7,July,Jul,2026-07,W30,Summer
20260727,2026-07-27,2026,Q3,7,July,Jul,2026-07,W31,Summer
20260728,2026-07-28,2026,Q3,7,July,Jul,2026-07,W31,Summer
20260729,2026-07-29,2026,Q3,7,July,Jul,2026-07,W31,Summer
20260730,2026-07-30,2026,Q3,7,July,Jul,2026-07,W31,Summer
20260731,2026-07-31,2026,Q3,7,July,Jul,2026-07,W31,Summer
20260801,2026-08-01,2026,Q3,8,August,Aug,2026-08,W31,Summer
20260802,2026-08-02,2026,Q3,8,August,Aug,2026-08,W31,Summer
20260803,2026-08-03,2026,Q3,8,August,Aug,2026-08,W32,Summer
20260804,2026-08-04,2026,Q3,8,August,Aug,2026-08,W32,Summer
20260805,2026-08-05,2026,Q3,8,August,Aug,2026-08,W32,Summer
20260806,2026-08-06,2026,Q3,8,August,Aug,2026-08,W32,Summer
20260807,2026-08-07,2026,Q3,8,August,Aug,2026-08,W32,Summer
20260808,2026-08-08,2026,Q3,8,August,Aug,2026-08,W32,Summer
20260809,2026-08-09,2026,Q3,8,August,Aug,2026-08,W32,Summer
20260810,2026-08-10,2026,Q3,8,August,Aug,2026-08,W33,Summer
20260811,2026-08-11,2026,Q3,8,August,Aug,2026-08,W33,Summer
20260812,2026-08-12,2026,Q3,8,August,Aug,2026-08,W33,Summer
20260813,2026-08-13,2026,Q3,8,August,Aug,2026-08,W33,Summer
20260814,2026-08-14,2026,Q3,8,August,Aug,2026-08,W33,Summer
20260815,2026-08-15,2026,Q3,8,August,Aug,2026-08,W33,Summer
20260816,2026-08-16,2026,Q3,8,August,Aug,2026-08,W33,Summer
20260817,2026-08-17,2026,Q3,8,August,Aug,2026-08,W34,Summer
20260818,2026-08-18,2026,Q3,8,August,Aug,2026-08,W34,Summer
20260819,2026-08-19,2026,Q3,8,August,Aug,2026-08,W34,Summer
20260820,2026-08-20,2026,Q3,8,August,Aug,2026-08,W34,Summer
20260821,2026-08-21,2026,Q3,8,August,Aug,2026-08,W34,Summer
20260822,2026-08-22,2026,Q3,8,August,Aug,2026-08,W34,Summer
20260823,2026-08-23,2026,Q3,8,August,Aug,2026-08,W34,Summer
20260824,2026-08-24,2026,Q3,8,August,Aug,2026-08,W35,Summer
20260825,2026-08-25,2026,Q3,8,August,Aug,2026-08,W35,Summer
20260826,2026-08-26,2026,Q3,8,August,Aug,2026-08,W35,Summer
20260827,2026-08-27,2026,Q3,8,August,Aug,2026-08,W35,Summer
20260828,2026-08-28,2026,Q3,8,August,Aug,2026-08,W35,Summer
20260829,2026-08-29,2026,Q3,8,August,Aug,2026-08,W35,Summer
20260830,2026-08-30,2026,Q3,8,August,Aug,2026-08,W35,Summer
20260831,2026-08-31,2026,Q3,8,August,Aug,2026-08,W36,Summer
20260901,2026-09-01,2026,Q3,9,September,Sep,2026-09,W36,Fall
20260902,2026-09-02,2026,Q3,9,September,Sep,2026-09,W36,Fall
20260903,2026-09-03,2026,Q3,9,September,Sep,2026-09,W36,Fall
20260904,2026-09-04,2026,Q3,9,September,Sep,2026-09,W36,Fall
20260905,2026-09-05,2026,Q3,9,September,Sep,2026-09,W36,Fall
20260906,2026-09-06,2026,Q3,9,September,Sep,2026-09,W36,Fall
20260907,2026-09-07,2026,Q3,9,September,Sep,2026-09,W37,Fall
20260908,2026-09-08,2026,Q3,9,September,Sep,2026-09,W37,Fall
20260909,2026-09-09,2026,Q3,9,September,Sep,2026-09,W37,Fall
20260910,2026-09-10,2026,Q3,9,September,Sep,2026-09,W37,Fall
20260911,2026-09-11,2026,Q3,9,September,Sep,2026-09,W37,Fall
20260912,2026-09-12,2026,Q3,9,September,Sep,2026-09,W37,Fall
20260913,2026-09-13,2026,Q3,9,September,Sep,2026-09,W37,Fall
20260914,2026-09-14,2026,Q3,9,September,Sep,2026-09,W38,Fall
20260915,2026-09-15,2026,Q3,9,September,Sep,2026-09,W38,Fall
20260916,2026-09-16,2026,Q3,9,September,Sep,2026-09,W38,Fall
20260917,2026-09-17,2026,Q3,9,September,Sep,2026-09,W38,Fall
20260918,2026-09-18,2026,Q3,9,September,Sep,2026-09,W38,Fall
20260919,2026-09-19,2026,Q3,9,September,Sep,2026-09,W38,Fall
20260920,2026-09-20,2026,Q3,9,September,Sep,2026-09,W38,Fall
20260921,2026-09-21,2026,Q3,9,September,Sep,2026-09,W39,Fall
20260922,2026-09-22,2026,Q3,9,September,Sep,2026-09,W39,Fall
20260923,2026-09-23,2026,Q3,9,September,Sep,2026-09,W39,Fall
20260924,2026-09-24,2026,Q3,9,September,Sep,2026-09,W39,Fall
20260925,2026-09-25,2026,Q3,9,September,Sep,2026-09,W39,Fall
20260926,2026-09-26,2026,Q3,9,September,Sep,2026-09,W39,Fall
20260927,2026-09-27,2026,Q3,9,September,Sep,2026-09,W39,Fall
20260928,2026-09-28,2026,Q3,9,September,Sep,2026-09,W40,Fall
20260929,2026-09-29,2026,Q3,9,September,Sep,2026-09,W40,Fall
20260930,2026-09-30,2026,Q3,9,September,Sep,2026-09,W40,Fall
20261001,2026-10-01,2026,Q4,10,October,Oct,2026-10,W40,Fall
20261002,2026-10-02,2026,Q4,10,October,Oct,2026-10,W40,Fall
20261003,2026-10-03,2026,Q4,10,October,Oct,2026-10,W40,Fall
20261004,2026-10-04,2026,Q4,10,October,Oct,2026-10,W40,Fall
20261005,2026-10-05,2026,Q4,10,October,Oct,2026-10,W41,Fall
20261006,2026-10-06,2026,Q4,10,October,Oct,2026-10,W41,Fall
20261007,2026-10-07,2026,Q4,10,October,Oct,2026-10,W41,Fall
20261008,2026-10-08,2026,Q4,10,October,Oct,2026-10,W41,Fall
20261009,2026-10-09,2026,Q4,10,October,Oct,2026-10,W41,Fall
20261010,2026-10-10,2026,Q4,10,October,Oct,2026-10,W41,Fall
20261011,2026-10-11,2026,Q4,10,October,Oct,2026-10,W41,Fall
20261012,2026-10-12,2026,Q4,10,October,Oct,2026-10,W42,Fall
20261013,2026-10-13,2026,Q4,10,October,Oct,2026-10,W42,Fall
20261014,2026-10-14,2026,Q4,10,October,Oct,2026-10,W42,Fall
20261015,2026-10-15,2026,Q4,10,October,Oct,2026-10,W42,Fall
20261016,2026-10-16,2026,Q4,10,October,Oct,2026-10,W42,Fall
20261017,2026-10-17,2026,Q4,10,October,Oct,2026-10,W42,Fall
20261018,2026-10-18,2026,Q4,10,October,Oct,2026-10,W42,Fall
20261019,2026-10-19,2026,Q4,10,October,Oct,2026-10,W43,Fall
20261020,2026-10-20,2026,Q4,10,October,Oct,2026-10,W43,Fall
20261021,2026-10-21,2026,Q4,10,October,Oct,2026-10,W43,Fall
20261022,2026-10-22,2026,Q4,10,October,Oct,2026-10,W43,Fall
20261023,2026-10-23,2026,Q4,10,October,Oct,2026-10,W43,Fall
20261024,2026-10-24,2026,Q4,10,October,Oct,2026-10,W43,Fall
20261025,2026-10-25,2026,Q4,10,October,Oct,2026-10,W43,Fall
20261026,2026-10-26,2026,Q4,10,October,Oct,2026-10,W44,Fall
20261027,2026-10-27,2026,Q4,10,October,Oct,2026-10,W44,Fall
20261028,2026-10-28,2026,Q4,10,October,Oct,2026-10,W44,Fall
20261029,2026-10-29,2026,Q4,10,October,Oct,2026-10,W44,Fall
20261030,2026-10-30,2026,Q4,10,October,Oct,2026-10,W44,Fall
20261031,2026-10-31,2026,Q4,10,October,Oct,2026-10,W44,Fall
20261101,2026-11-01,2026,Q4,11,November,Nov,2026-11,W44,Fall
20261102,2026-11-02,2026,Q4,11,November,Nov,2026-11,W45,Fall
20261103,2026-11-03,2026,Q4,11,November,Nov,2026-11,W45,Fall
20261104,2026-11-04,2026,Q4,11,November,Nov,2026-11,W45,Fall
20261105,2026-11-05,2026,Q4,11,November,Nov,2026-11,W45,Fall
20261106,2026-11-06,2026,Q4,11,November,Nov,2026-11,W45,Fall
20261107,2026-11-07,2026,Q4,11,November,Nov,2026-11,W45,Fall
20261108,2026-11-08,2026,Q4,11,November,Nov,2026-11,W45,Fall
20261109,2026-11-09,2026,Q4,11,November,Nov,2026-11,W46,Fall
20261110,2026-11-10,2026,Q4,11,November,Nov,2026-11,W46,Fall
20261111,2026-11-11,2026,Q4,11,November,Nov,2026-11,W46,Fall
20261112,2026-11-12,2026,Q4,11,November,Nov,2026-11,W46,Fall
20261113,2026-11-13,2026,Q4,11,November,Nov,2026-11,W46,Fall
20261114,2026-11-14,2026,Q4,11,November,Nov,2026-11,W46,Fall
20261115,2026-11-15,2026,Q4,11,November,Nov,2026-11,W46,Fall
20261116,2026-11-16,2026,Q4,11,November,Nov,2026-11,W47,Fall
20261117,2026-11-17,2026,Q4,11,November,Nov,2026-11,W47,Fall
20261118,2026-11-18,2026,Q4,11,November,Nov,2026-11,W47,Fall
20261119,2026-11-19,2026,Q4,11,November,Nov,2026-11,W47,Fall
20261120,2026-11-20,2026,Q4,11,November,Nov,2026-11,W47,Fall
20261121,2026-11-21,2026,Q4,11,November,Nov,2026-11,W47,Fall
20261122,2026-11-22,2026,Q4,11,November,Nov,2026-11,W47,Fall
20261123,2026-11-23,2026,Q4,11,November,Nov,2026-11,W48,Fall
20261124,2026-11-24,2026,Q4,11,November,Nov,2026-11,W48,Fall
20261125,2026-11-25,2026,Q4,11,November,Nov,2026-11,W48,Fall
20261126,2026-11-26,2026,Q4,11,November,Nov,2026-11,W48,Fall
20261127,2026-11-27,2026,Q4,11,November,Nov,2026-11,W48,Fall
20261128,2026-11-28,2026,Q4,11,November,Nov,2026-11,W48,Fall
20261129,2026-11-29,2026,Q4,11,November,Nov,2026-11,W48,Fall
20261130,2026-11-30,2026,Q4,11,November,Nov,2026-11,W49,Fall
20261201,2026-12-01,2026,Q4,12,December,Dec,2026-12,W49,Winter
20261202,2026-12-02,2026,Q4,12,December,Dec,2026-12,W49,Winter
20261203,2026-12-03,2026,Q4,12,December,Dec,2026-12,W49,Winter
20261204,2026-12-04,2026,Q4,12,December,Dec,2026-12,W49,Winter
20261205,2026-12-05,2026,Q4,12,December,Dec,2026-12,W49,Winter
20261206,2026-12-06,2026,Q4,12,December,Dec,2026-12,W49,Winter
20261207,2026-12-07,2026,Q4,12,December,Dec,2026-12,W50,Winter
20261208,2026-12-08,2026,Q4,12,December,Dec,2026-12,W50,Winter
20261209,2026-12-09,2026,Q4,12,December,Dec,2026-12,W50,Winter
20261210,2026-12-10,2026,Q4,12,December,Dec,2026-12,W50,Winter
20261211,2026-12-11,2026,Q4,12,December,Dec,2026-12,W50,Winter
20261212,2026-12-12,2026,Q4,12,December,Dec,2026-12,W50,Winter
20261213,2026-12-13,2026,Q4,12,December,Dec,2026-12,W50,Winter
20261214,2026-12-14,2026,Q4,12,December,Dec,2026-12,W51,Winter
20261215,2026-12-15,2026,Q4,12,December,Dec,2026-12,W51,Winter
20261216,2026-12-16,2026,Q4,12,December,Dec,2026-12,W51,Winter
20261217,2026-12-17,2026,Q4,12,December,Dec,2026-12,W51,Winter
20261218,2026-12-18,2026,Q4,12,December,Dec,2026-12,W51,Winter
20261219,2026-12-19,2026,Q4,12,December,Dec,2026-12,W51,Winter
20261220,2026-12-20,2026,Q4,12,December,Dec,2026-12,W51,Winter
20261221,2026-12-21,2026,Q4,12,December,Dec,2026-12,W52,Winter
20261222,2026-12-22,2026,Q4,12,December,Dec,2026-12,W52,Winter
20261223,2026-12-23,2026,Q4,12,December,Dec,2026-12,W52,Winter
20261224,2026-12-24,2026,Q4,12,December,Dec,2026-12,W52,Winter
20261225,2026-12-25,2026,Q4,12,December,Dec,2026-12,W52,Winter
20261226,2026-12-26,2026,Q4,12,December,Dec,2026-12,W52,Winter
20261227,2026-12-27,2026,Q4,12,December,Dec,2026-12,W52,Winter
20261228,2026-12-28,2026,Q4,12,December,Dec,2026-12,W53,Winter
20261229,2026-12-29,2026,Q4,12,December,Dec,2026-12,W53,Winter
20261230,2026-12-30,2026,Q4,12,December,Dec,2026-12,W53,Winter
20261231,2026-12-31,2026,Q4,12,December,Dec,2026-12,W53,Winter
